beacon;city;faaId;iata;rwy_num;mag_dec;wmoId;site;runways;name;lat;lid;country;icao;priority;passengers;rwy_len;lon;type;source;state;tz;use;subd;prior;ind;city_icao;country_code;traffic;information;elevation_aerodrome;TOWER_COMMUNICATION;AERODROME_SERVICES;AERODROME_CTR;freqs.RADIO;freqs.ATIS;freqs.DELIVERY/GROUND;freqs.TOWER;freqs.APPROACH;freqs.SAR;freqs.TELEPHONE;freqs.FIC_NAME;freqs.FIC_FREQUENCY;freqs.FIC_NAME_2;freqs.FIC_FREQUENCY_2;url.aviationweather.airport;url.wikipedia;url.website;url.geo;url.wikipedia.aerodrome.image;url.custom_url
;Mont-de-l'Enclus;;;;;;;[{'id': '11/29', 'dimension': '', 'surface': {'type': 'soft', 'surface': 'grass', 'condition': None}, 'alignment': None, 'number': ['11', '29'], 'length': 2001, 'width': '', 'TORA': None, 'TODA': None, 'ASDA': '2001', 'LDA': None, '11': {'latlon': [50.7401008606, 3.4848999977], 'elevation': 49.0, 'heading': '11', 'displaced threshold': None}, '29': {'latlon': [50.7401008606, 3.4848999977], 'elevation': 49.0, 'heading': '29', 'displaced threshold': None}, 'slope': 0, 'properties': None}];Amougies Airport;50.7401008606;;Belgium;EBAM;;;;3.4848999977;;;;Europe/Brussels;private;Wallonia;;;Mont-de-l'Enclus (EBAM);BE;;;49.0;False;False;False;;;;;;;;;;;;;https://en.wikipedia.org/wiki/Amougies_Airfield;http://www.airport-amougies.be;https://geohack.toolforge.org/geohack.php?pagename=Amougies_Airfield&params=50_44_22_N_003_29_10_E_region:BE-WHT_type:airport;;
;Arlon;;;;;;;[{'id': '09/27', 'dimension': '', 'surface': {'type': 'soft', 'surface': 'grass', 'condition': None}, 'alignment': None, 'number': ['09', '27'], 'length': 492, 'width': '', 'TORA': None, 'TODA': None, 'ASDA': '492', 'LDA': None, '09': {'latlon': [49.6627998352, 5.8869400024], 'elevation': 1138.0, 'heading': '09', 'displaced threshold': None}, '27': {'latlon': [49.6627998352, 5.8869400024], 'elevation': 1138.0, 'heading': '27', 'displaced threshold': None}, 'slope': 0, 'properties': None}];Sterpenich Airport;49.6627998352;;Belgium;EBAR;;;;5.8869400024;;;;Europe/Brussels;private;Wallonia;;;Arlon (EBAR);BE;;;2.0;False;False;False;;;;;;;;;;;;;https://en.wikipedia.org/wiki/Arlon-Sterpenich_Aerodrome;http://www.arelair.be;https://geohack.toolforge.org/geohack.php?pagename=Arlon-Sterpenich_Aerodrome&params=49_39_46_N_005_53_13_E_region:BE-WLX_type:airport;;
;Hannut;;;;;;;[{'id': '05/23', 'dimension': '', 'surface': {'type': 'soft', 'surface': 'grass', 'condition': None}, 'alignment': None, 'number': ['05', '23'], 'length': 827, 'width': '', 'TORA': None, 'TODA': None, 'ASDA': '827', 'LDA': None, '05': {'latlon': [50.7066993713, 5.0680599213], 'elevation': 394.0, 'heading': '05', 'displaced threshold': None}, '23': {'latlon': [50.7066993713, 5.0680599213], 'elevation': 394.0, 'heading': '23', 'displaced threshold': None}, 'slope': 0, 'properties': None}];Avernas-Le-Bauduin Airport;50.7066993713;;Belgium;EBAV;;;;5.0680599213;;;;Europe/Brussels;private;Wallonia;;;Hannut (EBAV);BE;;;394.0;False;False;False;;;;;;;;;;;;;https://en.wikipedia.org/wiki/Avernas-le-Bauduin_Airfield;[];https://geohack.toolforge.org/geohack.php?pagename=Avernas-le-Bauduin_Airfield&params=50_42_24_N_005_04_05_E_region:BE-WLG_type:airport;https://upload.wikimedia.org/wikipedia/commons/f/fc/21AEL_%2840616536211%29.jpg;
;Antwerp;;ANR;1;;06450;Antwerp Intl;[{'id': '11/29', 'dimension': '4954x148', 'surface': {'type': 'hard', 'surface': 'asphalt', 'condition': None}, 'alignment': None, 'number': ['11', '29'], 'length': 4954, 'width': '148', 'TORA': None, 'TODA': None, 'ASDA': '4954', 'LDA': None, '11': {'latlon': [51.1975, 4.458055555555556], 'elevation': '28', 'heading': '109', 'displaced threshold': '472 Feet'}, '29': {'latlon': [51.190555555555555, 4.4775], 'elevation': '31', 'heading': '289', 'displaced threshold': ''}, 'dimension2': ['4954 x 148 feet', '1510 x 45 meters'], 'slope': 0, 'properties': None}];Antwerp International;51.1901;;Belgium;EBAW;4;0.0;M;4.4627;ARP;Intl;VA;Europe/Brussels;public;Flanders;0;640;Antwerp (EBAW);BE;;;39.0;True;True;True;;;;;;;;;;;;https://aviationweather.gov/api/data/airport?ids=EBAW&format=json;https://en.wikipedia.org/wiki/Antwerp_International_Airport;http://antwerp-airport.be;https://geohack.toolforge.org/geohack.php?pagename=Antwerp_International_Airport&params=51_11_22_N_004_27_37_E_region:BE-VAN_type:airport;https://upload.wikimedia.org/wikipedia/commons/b/b6/Luchthavengebouw_Antwerpen-Deurne.jpg;
;Beauvechain;;;;;06458;Beauvechain(AB);[{'id': '', 'dimension': '', 'surface': {'type': None, 'surface': None, 'condition': None}, 'alignment': None, 'number': [''], 'length': None, 'width': '', 'TORA': None, 'TODA': None, 'ASDA': '', 'LDA': None, '': {'latlon': [50.7585983276, 4.7683300972], 'elevation': 370.0, 'heading': '', 'displaced threshold': None}, 'dimension2': None, 'slope': None, 'properties': None}];Beauvechain Air Base;50.7585983276;;Belgium;EBBE;6;;;4.7683300972;;;WA;Europe/Brussels;military;Wallonia;;;Beauvechain (EBBE);BE;;;370.0;False;False;False;;;;;;;;;;;;;;;;;
;Bastogne;;;;;;;[{'id': '', 'dimension': '', 'surface': {'type': None, 'surface': None, 'condition': None}, 'alignment': None, 'number': [''], 'length': None, 'width': '', 'TORA': None, 'TODA': None, 'ASDA': '', 'LDA': None, '': {'latlon': [50.0527992249, 5.7986102104], 'elevation': 1770.0, 'heading': '', 'displaced threshold': None}, 'dimension2': None, 'slope': None, 'properties': None}];Michamps Airport;50.0527992249;;Belgium;EBBG;;;;5.7986102104;;;;Europe/Brussels;;Wallonia;;;Bastogne (EBBG);BE;;;1770.0;False;False;False;;;;;;;;;;;;;;;;;
;Kleine Brogel;;;;;06479;Kleine-Brogel(AB);[{'id': '', 'dimension': '', 'surface': {'type': None, 'surface': None, 'condition': None}, 'alignment': None, 'number': [''], 'length': None, 'width': '', 'TORA': None, 'TODA': None, 'ASDA': '', 'LDA': None, '': {'latlon': [51.1683006287, 5.4699997902], 'elevation': 200.0, 'heading': '', 'displaced threshold': None}, 'dimension2': None, 'slope': None, 'properties': None}];Kleine Brogel Air Base;51.1683006287;;Belgium;EBBL;6;;;5.4699997902;;;VL;Europe/Brussels;military;Flanders;;;Kleine Brogel (EBBL);BE;;;200.0;False;False;False;;;;;;;;;;;;;;;;;
;Bullingen;;;;;;;[{'id': '12/30', 'dimension': '', 'surface': {'type': 'soft', 'surface': 'grass', 'condition': None}, 'alignment': None, 'number': ['12', '30'], 'length': 955, 'width': '', 'TORA': None, 'TODA': None, 'ASDA': '955', 'LDA': None, '12': {'latlon': [50.4150009155, 6.2763900757], 'elevation': 2067.0, 'heading': '12', 'displaced threshold': None}, '30': {'latlon': [50.4150009155, 6.2763900757], 'elevation': 2067.0, 'heading': '30', 'displaced threshold': None}, 'slope': 0, 'properties': None}];Bullingen Airport;50.4150009155;;Belgium;EBBN;;;;6.2763900757;;;;Europe/Brussels;private;Wallonia;;;Bullingen (EBBN);BE;;;3.0;False;False;False;;;;;;;;;;;;;https://en.wikipedia.org/wiki/Büllingen_Airfield;[];https://geohack.toolforge.org/geohack.php?pagename=B%C3%BCllingen_Airfield&params=50_24_54_N_006_16_35_E_region:BE-WLG_type:airport;;
;Bouillon;;;;;;;[{'id': '09/27', 'dimension': '', 'surface': {'type': 'soft', 'surface': 'grass', 'condition': None}, 'alignment': None, 'number': ['09', '27'], 'length': 760, 'width': '', 'TORA': None, 'TODA': None, 'ASDA': '760', 'LDA': None, '09': {'latlon': [49.8664016724, 5.0680599213], 'elevation': 1394.0, 'heading': '09', 'displaced threshold': None}, '27': {'latlon': [49.8664016724, 5.0680599213], 'elevation': 1394.0, 'heading': '27', 'displaced threshold': None}, 'slope': 0, 'properties': None}];Mogimont Airport;49.8664016724;;Belgium;EBBO;;;;5.0680599213;;;;Europe/Brussels;;Wallonia;;;Bouillon (EBBO);BE;;;2.0;False;False;False;;;;;;;;;;;;;https://en.wikipedia.org/wiki/Mogimont_Airport;[];https://geohack.toolforge.org/geohack.php?pagename=Mogimont_Airport&params=49_52_00_N_005_04_06_E_region:BE-WLX_type:airport;;
B;Brussels;;BRU;3;1E;06451;Brussels Intl;[{'id': '07L/25R', 'dimension': '11936x148', 'surface': {'type': 'hard', 'surface': 'asphalt', 'condition': None}, 'alignment': None, 'number': ['07L', '25R'], 'length': 11936, 'width': '148', 'TORA': None, 'TODA': None, 'ASDA': '11936', 'LDA': None, '07L': {'latlon': [50.900277777777774, 4.466666666666667], 'elevation': '121', 'heading': '064', 'displaced threshold': '945 Feet'}, '25R': {'latlon': [50.91916666666666, 4.51], 'elevation': '102', 'heading': '244', 'displaced threshold': '981 Feet'}, 'dimension2': ['11936 x 148 feet', '3638 x 45 meters'], 'slope': 0, 'properties': None}, {'id': '07R/25L', 'dimension': '10535x148', 'surface': {'type': 'hard', 'surface': 'asphalt', 'condition': None}, 'alignment': None, 'number': ['07R', '25L'], 'length': 10535, 'width': '148', 'TORA': None, 'TODA': None, 'ASDA': '10535', 'LDA': None, '07R': {'latlon': [50.89333333333333, 4.492222222222223], 'elevation': '166', 'heading': '069', 'displaced threshold': '400 Feet'}, '25L': {'latlon': [50.909444444444446, 4.527777777777778], 'elevation': '150', 'heading': '249', 'displaced threshold': ''}, 'dimension2': ['10535 x 148 feet', '3211 x 45 meters'], 'slope': 0, 'properties': None}, {'id': '02/20', 'dimension': '9800x164', 'surface': {'type': 'hard', 'surface': 'asphalt', 'condition': None}, 'alignment': None, 'number': ['02', '20'], 'length': 9800, 'width': '164', 'TORA': None, 'TODA': None, 'ASDA': '9800', 'LDA': None, '02': {'latlon': [50.9006, 4.4874], 'elevation': 184.0, 'heading': '02', 'displaced threshold': None}, '20': {'latlon': [50.9006, 4.4874], 'elevation': 184.0, 'heading': '20', 'displaced threshold': None}, 'slope': 0, 'properties': None}, {'id': '01/19', 'dimension': '', 'surface': {'type': 'hard', 'surface': 'asphalt', 'condition': None}, 'alignment': None, 'number': ['01', '19'], 'length': 9800, 'width': '', 'TORA': None, 'TODA': None, 'ASDA': '9800', 'LDA': None, '01': {'latlon': [50.89, 4.496944444444445], 'elevation': '175', 'heading': '013', 'displaced threshold': '151 Feet'}, '19': {'latlon': [50.91833333333333, 4.501944444444445], 'elevation': '105', 'heading': '193', 'displaced threshold': '722 Feet'}, 'dimension2': ['9800 x 164 feet', '2987 x 50 meters'], 'slope': -0.71, 'properties': None}];Brussels Airport;50.9006;;Belgium;EBBR;2;18.0;L;4.4874;ARP;Intl;VL;Europe/Brussels;public;Flanders;0;63;Brussels (EBBR);BE;;;184.0;True;True;True;;;;;;;;;;;;https://aviationweather.gov/api/data/airport?ids=EBBR&format=json;https://en.wikipedia.org/wiki/Brussels_Airport;http://www.brusselsairport.be/en/;https://geohack.toolforge.org/geohack.php?pagename=Brussels_Airport&params=50_54_05_N_004_29_04_E_region:BE-VBR_type:airport;https://upload.wikimedia.org/wikipedia/commons/0/09/Brussels_airport_from_air.jpg;
;Brasschaat;;;;;;Brasschaat (MIL);[{'id': '', 'dimension': '', 'surface': {'type': None, 'surface': None, 'condition': None}, 'alignment': None, 'number': [''], 'length': None, 'width': '', 'TORA': None, 'TODA': None, 'ASDA': '', 'LDA': None, '': {'latlon': [51.340801239, 4.5043997765], 'elevation': 76.0, 'heading': '', 'displaced threshold': None}, 'dimension2': None, 'slope': None, 'properties': None}];Brasschaat Air Base;51.340801239;;Belgium;EBBT;9;;;4.5043997765;;;VA;Europe/Brussels;private;Flanders;;;Brasschaat (EBBT);BE;;;76.0;False;False;False;;;;;;;;;;;;;;;;;
;Bassenge;;;;;;;[{'id': '', 'dimension': '', 'surface': {'type': None, 'surface': None, 'condition': None}, 'alignment': None, 'number': [''], 'length': None, 'width': '', 'TORA': None, 'TODA': None, 'ASDA': '', 'LDA': None, '': {'latlon': [50.778301239, 5.6166701317], 'elevation': 367.0, 'heading': '', 'displaced threshold': None}, 'dimension2': None, 'slope': None, 'properties': None}];Wonck Airport;50.778301239;;Belgium;EBBW;;;;5.6166701317;;;;Europe/Brussels;;Flanders;;;Bassenge (EBBW);BE;;;367.0;False;False;False;;;;;;;;;;;;;;;;;
;Bertrix;;;;;;Bertrix Bel-AFB;[{'id': '06/24', 'dimension': '', 'surface': {'type': 'hard', 'surface': 'asphalt', 'condition': None}, 'alignment': None, 'number': ['06', '24'], 'length': 9268, 'width': '', 'TORA': None, 'TODA': None, 'ASDA': '9268', 'LDA': None, '06': {'latlon': [49.8917007446, 5.2238898277], 'elevation': 1514.0, 'heading': '06', 'displaced threshold': None}, '24': {'latlon': [49.8917007446, 5.2238898277], 'elevation': 1514.0, 'heading': '24', 'displaced threshold': None}, 'slope': 0, 'properties': 'Concrete'}];Jehonville Air Base;49.8917007446;;Belgium;EBBX;9;;;5.2238898277;;;WA;Europe/Brussels;military;Wallonia;;;Bertrix (EBBX);BE;;;1514.0;False;False;False;;;;;;;;;;;;;https://en.wikipedia.org/wiki/Jehonville_Air_Base;[];https://geohack.toolforge.org/geohack.php?pagename=Jehonville_Air_Base&params=49_53_30_N_005_13_26_E_region:BE-WLX_type:airport;;
;Genappe;;;;;;;[{'id': '', 'dimension': '', 'surface': {'type': None, 'surface': None, 'condition': None}, 'alignment': None, 'number': [''], 'length': None, 'width': '', 'TORA': None, 'TODA': None, 'ASDA': '', 'LDA': None, '': {'latlon': [50.568611145, 4.4347219467], 'elevation': 525.0, 'heading': '', 'displaced threshold': None}, 'dimension2': None, 'slope': None, 'properties': None}];Baisy-Thy Airport;50.568611145;;Belgium;EBBY;;;;4.4347219467;;;;Europe/Brussels;private;Wallonia;;;Genappe (EBBY);BE;;;525.0;False;False;False;;;;;;;;;;;;;;;;;
;Pont-A-Celles;;;;;;;[{'id': '', 'dimension': '', 'surface': {'type': None, 'surface': None, 'condition': None}, 'alignment': None, 'number': [''], 'length': None, 'width': '', 'TORA': None, 'TODA': None, 'ASDA': '', 'LDA': None, '': {'latlon': [50.5416984558, 4.3811101913], 'elevation': 522.0, 'heading': '', 'displaced threshold': None}, 'dimension2': None, 'slope': None, 'properties': None}];Buzet Airstrip;50.5416984558;;Belgium;EBBZ;;;;4.3811101913;;;;Europe/Brussels;private;Wallonia;;;Pont-A-Celles (EBBZ);BE;;;522.0;False;False;False;;;;;;;;;;;;;;;;;
;Cerfontaine;;;;;;;[{'id': '', 'dimension': '', 'surface': {'type': None, 'surface': None, 'condition': None}, 'alignment': None, 'number': [''], 'length': None, 'width': '', 'TORA': None, 'TODA': None, 'ASDA': '', 'LDA': None, '': {'latlon': [50.1528015137, 4.3872199059], 'elevation': 961.0, 'heading': '', 'displaced threshold': None}, 'dimension2': None, 'slope': None, 'properties': None}];Cerfontaine Nouv Airport;50.1528015137;;Belgium;EBCF;;;;4.3872199059;;;;Europe/Brussels;private;Wallonia;;;Cerfontaine (EBCF);BE;;;961.0;False;False;False;;;;;;;;;;;;;;;;;
B;Brussels;;CRL;1;;06449;Charleroi Arpt;[{'id': '06/24', 'dimension': '9531x148', 'surface': {'type': 'hard', 'surface': 'asphalt', 'condition': None}, 'alignment': None, 'number': ['06', '24'], 'length': 9531, 'width': '148', 'TORA': None, 'TODA': None, 'ASDA': '9531', 'LDA': None, '06': {'latlon': [50.46138888888889, 4.448611111111111], 'elevation': '604', 'heading': '064', 'displaced threshold': '1001 Feet'}, '24': {'latlon': [50.474444444444444, 4.471388888888889], 'elevation': '576', 'heading': '244', 'displaced threshold': '1640 Feet'}, 'dimension2': ['9531 x 148 feet', '2905 x 45 meters'], 'slope': 0, 'properties': None}];Brussels-Charleroi Airport;50.46;;Belgium;EBCI;5;8.0;L;4.4528;ARP;Intl;WH;Europe/Brussels;public;Wallonia;0;153;Brussels (EBCI);BE;;;614.0;True;True;True;;;;;;;;;;;;https://aviationweather.gov/api/data/airport?ids=EBCI&format=json;https://en.wikipedia.org/wiki/Brussels_South_Charleroi_Airport;https://www.brussels-charleroi-airport.com;https://geohack.toolforge.org/geohack.php?pagename=Brussels_South_Charleroi_Airport&params=50_27_36_N_004_27_10_E_region:BE-WHT_type:airport;https://upload.wikimedia.org/wikipedia/commons/f/f2/CRL_AIRPORT_FROM_FLIGHT_DUS-CDG_A320_AIR_FRANCE_F-GFKY_%2814544559166%29.jpg;
;Ciney;;;;;;;[{'id': '', 'dimension': '', 'surface': {'type': None, 'surface': None, 'condition': None}, 'alignment': None, 'number': [''], 'length': None, 'width': '', 'TORA': None, 'TODA': None, 'ASDA': '', 'LDA': None, '': {'latlon': [50.2472229004, 5.1138892174], 'elevation': 1076.0, 'heading': '', 'displaced threshold': None}, 'dimension2': None, 'slope': None, 'properties': None}];Ronvaux Airport;50.2472229004;;Belgium;EBCR;;;;5.1138892174;;;;Europe/Brussels;;Wallonia;;;Ciney (EBCR);BE;;;1076.0;False;False;False;;;;;;;;;;;;;;;;;
;Chimay;;;;;;;[{'id': '', 'dimension': '', 'surface': {'type': None, 'surface': None, 'condition': None}, 'alignment': None, 'number': [''], 'length': None, 'width': '', 'TORA': None, 'TODA': None, 'ASDA': '', 'LDA': None, '': {'latlon': [50.0583000183, 4.2819399834], 'elevation': 820.0, 'heading': '', 'displaced threshold': None}, 'dimension2': None, 'slope': None, 'properties': None}];Saint-Remy Airport;50.0583000183;;Belgium;EBCS;;;;4.2819399834;;;;Europe/Brussels;;Wallonia;;;Chimay (EBCS);BE;;;820.0;False;False;False;;;;;;;;;;;;;;;;;
;Chievres;;;1;;06432;Chièvres Arpt(AB);[{'id': '08/26', 'dimension': '8196x148', 'surface': {'type': 'hard', 'surface': 'asphalt', 'condition': None}, 'alignment': '080', 'number': ['08', '26'], 'length': 8196, 'width': '148', 'TORA': None, 'TODA': None, 'ASDA': '8196', 'LDA': None, '08': {'latlon': [50.58027777777778, 3.824444444444444], 'elevation': '177', 'heading': '080', 'displaced threshold': None}, '26': {'latlon': [50.58666666666667, 3.8602777777777777], 'elevation': '193', 'heading': '260', 'displaced threshold': None}, 'dimension2': ['8196 x 148 feet', '2498 x 45 meters'], 'slope': 0, 'properties': None}];Chievres Airport(Ab);50.5772;;Belgium;EBCV;4;0.0;L;3.8384;ARP;Intl;WH;Europe/Brussels;military;Wallonia;0;641;Chievres (EBCV);BE;;military/ public;194.0;True;True;True;;;;;;;;;;;;https://aviationweather.gov/api/data/airport?ids=EBCV&format=json;;;;;
;Diest;;;;;06465;Schaffen(AB);[{'id': '', 'dimension': '', 'surface': {'type': None, 'surface': None, 'condition': None}, 'alignment': None, 'number': [''], 'length': None, 'width': '', 'TORA': None, 'TODA': None, 'ASDA': '', 'LDA': None, '': {'latlon': [50.9991989136, 5.065559864], 'elevation': 100.0, 'heading': '', 'displaced threshold': None}, 'dimension2': None, 'slope': None, 'properties': None}];Schaffen Airport;50.9991989136;;Belgium;EBDT;5;;;5.065559864;;;VL;Europe/Brussels;military;Flanders;;;Diest (EBDT);BE;;;100.0;False;False;False;;;;;;;;;;;;;;;;;
;Koksijde;;;;;06400;Koksijde(AB);[{'id': '11/29', 'dimension': '', 'surface': {'type': 'hard', 'surface': 'asphalt', 'condition': None}, 'alignment': None, 'number': ['11', '29'], 'length': 8786, 'width': '', 'TORA': None, 'TODA': None, 'ASDA': '8786', 'LDA': None, '11': {'latlon': [51.10055555555556, 2.6377777777777776], 'elevation': '6', 'heading': '107', 'displaced threshold': '325 Feet'}, '29': {'latlon': [51.08888888888889, 2.6716666666666664], 'elevation': '11', 'heading': '287', 'displaced threshold': '315 Feet'}, 'dimension2': ['8760 x 115 feet', '2670 x 35 meters'], 'slope': 0, 'properties': 'Asphalt/Concrete'}];Koksijde Air Base;51.0903015137;;Belgium;EBFN;6;;;2.652780056;;;VW;Europe/Brussels;military;Flanders;;;Koksijde (EBFN);BE;;;20.0;False;False;False;;;;;;;;;;;;;https://en.wikipedia.org/wiki/Koksijde_Air_Base;http://www.mil.be/aircomp/units/index.asp?LAN=en&ID=628;https://geohack.toolforge.org/geohack.php?pagename=Koksijde_Air_Base&params=51_05_25_N_002_39_10_E_region:BE-VWV_type:airport;;
;Florennes;;;2;;06456;Florennes(AB);[{'id': '08L/26R', 'dimension': '11106x148', 'surface': {'type': 'hard', 'surface': 'asphalt', 'condition': None}, 'alignment': None, 'number': ['08L', '26R'], 'length': 11106, 'width': '148', 'TORA': None, 'TODA': None, 'ASDA': '11106', 'LDA': None, '08L': {'latlon': [50.24666666666667, 4.638055555555556], 'elevation': '900', 'heading': '078', 'displaced threshold': '974 Feet'}, '26R': {'latlon': [50.25416666666667, 4.6688888888888895], 'elevation': '924', 'heading': '258', 'displaced threshold': '971 Feet'}, 'dimension2': ['11106 x 148 feet', '3385 x 45 meters'], 'slope': 0, 'properties': None}, {'id': '08R/26L', 'dimension': '7382x75', 'surface': {'type': 'hard', 'surface': 'asphalt', 'condition': None}, 'alignment': None, 'number': ['08R', '26L'], 'length': 7382, 'width': '75', 'TORA': None, 'TODA': None, 'ASDA': '7382', 'LDA': None, '08R': {'latlon': [50.23861111111111, 4.634444444444444], 'elevation': '901', 'heading': '078', 'displaced threshold': '492 Feet'}, '26L': {'latlon': [50.24388888888889, 4.668055555555556], 'elevation': '903', 'heading': '258', 'displaced threshold': '492 Feet'}, 'dimension2': ['7382 x 75 feet', '2250 x 23 meters'], 'slope': 0, 'properties': None}];Florennes(Ab);50.2413;;Belgium;EBFS;3;0.0;L;4.6459;ARP;Intl;WN;Europe/Brussels;military;Wallonia;0;642;Florennes (EBFS);BE;;;935.0;True;True;True;;;;;;;;;;;;https://aviationweather.gov/api/data/airport?ids=EBFS&format=json;;;;;
;Grimbergen;;;;;;;[{'id': '01/19', 'dimension': '', 'surface': {'type': 'soft', 'surface': 'grass', 'condition': None}, 'alignment': None, 'number': ['01', '19'], 'length': 2018, 'width': '', 'TORA': None, 'TODA': None, 'ASDA': '2018', 'LDA': None, '01': {'latlon': [50.9494018555, 4.3933300972], 'elevation': 70.0, 'heading': '01', 'displaced threshold': None}, '19': {'latlon': [50.9494018555, 4.3933300972], 'elevation': 70.0, 'heading': '19', 'displaced threshold': None}, 'slope': 0, 'properties': None}];Grimbergen Airport;50.9494018555;;Belgium;EBGB;;;;4.3933300972;;;;Europe/Brussels;private;Flanders;;;Grimbergen (EBGB);BE;;;69.0;False;False;False;;;;;;;;;;;;;https://en.wikipedia.org/wiki/Grimbergen_Airfield;http://www.rvg.be;https://geohack.toolforge.org/geohack.php?pagename=Grimbergen_Airfield&params=50_56_55_N_004_23_31_E_region:BE-VBR_type:airport;https://upload.wikimedia.org/wikipedia/commons/e/e4/VliegtuigloodsenGrimbergen.jpg;
;Geraardsbergen;;;;;;;[{'id': '03/21', 'dimension': '', 'surface': {'type': 'soft', 'surface': 'grass', 'condition': None}, 'alignment': None, 'number': ['03', '21'], 'length': 1969, 'width': '', 'TORA': None, 'TODA': None, 'ASDA': '1969', 'LDA': None, '03': {'latlon': [50.7555999756, 3.8638899326], 'elevation': 56.0, 'heading': '03', 'displaced threshold': None}, '21': {'latlon': [50.7555999756, 3.8638899326], 'elevation': 56.0, 'heading': '21', 'displaced threshold': None}, 'slope': 0, 'properties': None}];Overboelare Airport;50.7555999756;;Belgium;EBGG;;;;3.8638899326;;;;Europe/Brussels;private;Flanders;;;Geraardsbergen (EBGG);BE;;;56.0;False;False;False;;;;;;;;;;;;;https://en.wikipedia.org/wiki/Overboelare_Airfield;[];https://geohack.toolforge.org/geohack.php?pagename=Overboelare_Airfield&params=50_45_20_N_003_51_50_E_region:BE-VOV_type:airport;;
;Heron;;;;;;;[{'id': '05/23', 'dimension': '', 'surface': {'type': 'soft', 'surface': 'grass', 'condition': None}, 'alignment': None, 'number': ['05', '23'], 'length': 980, 'width': '', 'TORA': None, 'TODA': None, 'ASDA': '980', 'LDA': None, '05': {'latlon': [50.538898468, 5.10916996], 'elevation': 607.0, 'heading': '05', 'displaced threshold': None}, '23': {'latlon': [50.538898468, 5.10916996], 'elevation': 607.0, 'heading': '23', 'displaced threshold': None}, 'slope': 0, 'properties': None}];Couthuin Airport;50.538898468;;Belgium;EBHE;;;;5.10916996;;;;Europe/Brussels;;Wallonia;;;Heron (EBHE);BE;;;607.0;False;False;False;;;;;;;;;;;;;https://en.wikipedia.org/wiki/Couthuin_Airport;[];https://geohack.toolforge.org/geohack.php?pagename=Couthuin_Airport&params=50_32_16_N_005_006_26_E_region:BE-WLG_type:airport;;
;Hoevenen;;;;;;;[{'id': '15/33', 'dimension': '', 'surface': {'type': 'soft', 'surface': 'grass', 'condition': None}, 'alignment': None, 'number': ['15', '33'], 'length': 1969, 'width': '', 'TORA': None, 'TODA': None, 'ASDA': '1969', 'LDA': None, '15': {'latlon': [51.306098938, 4.3872199059], 'elevation': 10.0, 'heading': '15', 'displaced threshold': None}, '33': {'latlon': [51.306098938, 4.3872199059], 'elevation': 10.0, 'heading': '33', 'displaced threshold': None}, 'slope': 0, 'properties': None}];Hoevenen Airport;51.306098938;;Belgium;EBHN;;;;4.3872199059;;;;Europe/Brussels;private;Flanders;;;Hoevenen (EBHN);BE;;;10.0;False;False;False;;;;;;;;;;;;;https://en.wikipedia.org/wiki/Hoevenen_Airfield;http://www.ebhn.be;https://geohack.toolforge.org/geohack.php?pagename=Hoevenen_Airfield&params=51_18_19_N_004_23_26_E_region:BE-VAN_type:airport;;
;Isieres;;;;;;;[{'id': '17/35', 'dimension': '', 'surface': {'type': 'soft', 'surface': 'grass', 'condition': None}, 'alignment': None, 'number': ['17', '35'], 'length': 495, 'width': '', 'TORA': None, 'TODA': None, 'ASDA': '495', 'LDA': None, '17': {'latlon': [50.6641998291, 3.8044400215], 'elevation': 98.0, 'heading': '17', 'displaced threshold': None}, '35': {'latlon': [50.6641998291, 3.8044400215], 'elevation': 98.0, 'heading': '35', 'displaced threshold': None}, 'slope': 0, 'properties': None}];Ath/Isieres Airport;50.6641998291;;Belgium;EBIS;;;;3.8044400215;;;;Europe/Brussels;private;Wallonia;;;Isieres (EBIS);BE;;;98.0;False;False;False;;;;;;;;;;;;;https://en.wikipedia.org/wiki/Ath/Isières_Airfield;[];https://geohack.toolforge.org/geohack.php?pagename=Ath/Isi%C3%A8res_Airfield&params=50_39_51_N_003_48_16_E_region:BE-WHT_type:airport;;
;Balen;;;;;;;[{'id': '', 'dimension': '', 'surface': {'type': None, 'surface': None, 'condition': None}, 'alignment': None, 'number': [''], 'length': None, 'width': '', 'TORA': None, 'TODA': None, 'ASDA': '', 'LDA': None, '': {'latlon': [51.1782989502, 5.2209200859], 'elevation': 131.0, 'heading': '', 'displaced threshold': None}, 'dimension2': None, 'slope': None, 'properties': None}];Balekeiheuvel Airport;51.1782989502;;Belgium;EBKH;;;;5.2209200859;;;;Europe/Brussels;private;Flanders;;;Balen (EBKH);BE;;;131.0;False;False;False;;;;;;;;;;;;;;;;;
;Wevelgem;;KJK;;;;;[{'id': '06/24', 'dimension': '', 'surface': {'type': 'hard', 'surface': 'asphalt', 'condition': None}, 'alignment': None, 'number': ['06', '24'], 'length': 6234, 'width': '', 'TORA': None, 'TODA': None, 'ASDA': '6234', 'LDA': None, '06': {'latlon': [50.82472222222222, 3.2063888888888887], 'elevation': '55', 'heading': '061', 'displaced threshold': ''}, '24': {'latlon': [50.82555555555556, 3.22], 'elevation': '52', 'heading': '241', 'displaced threshold': '584 Feet'}, 'dimension2': ['6234 x 148 feet', '1900 x 45 meters'], 'slope': 0, 'properties': None}];Wevelgem Airport;50.817199707;;Belgium;EBKT;;;;3.2047200203;;;;Europe/Brussels;public;Flanders;;;Wevelgem (EBKT);BE;;;64.0;False;False;False;;;;;;;;;;;;;https://en.wikipedia.org/wiki/Flanders_International_Airport;http://www.kortrijkairport.be/;https://geohack.toolforge.org/geohack.php?pagename=Flanders_International_Airport&params=50_49_07_N_003_12_23_E_region:BE-VWV_type:airport;;
;Butgenbach;;;;;06496;Elsenborn(AB);[{'id': '04/22', 'dimension': '', 'surface': {'type': 'hard', 'surface': 'asphalt', 'condition': None}, 'alignment': None, 'number': ['04', '22'], 'length': 1959, 'width': '', 'TORA': None, 'TODA': None, 'ASDA': '1959', 'LDA': None, '04': {'latlon': [50.4817008972, 6.1819400787], 'elevation': 1830.0, 'heading': '04', 'displaced threshold': None}, '22': {'latlon': [50.4817008972, 6.1819400787], 'elevation': 1830.0, 'heading': '22', 'displaced threshold': None}, 'slope': 0, 'properties': None}];Elsenborn Airport;50.4817008972;;Belgium;EBLB;4;;;6.1819400787;;;WL;Europe/Brussels;;Wallonia;;;Butgenbach (EBLB);BE;;;1830.0;False;False;False;;;;;;;;;;;;;https://en.wikipedia.org/wiki/Elsenborn-Butgenbach_Air_Base;[];https://geohack.toolforge.org/geohack.php?pagename=Elsenborn-Butgenbach_Air_Base&params=50_29_05_N_006_10_59_E_region:BE-WLG_type:airport;;
;Leopoldsburg;;;;;;;[{'id': '08/26', 'dimension': '', 'surface': {'type': 'hard', 'surface': 'asphalt', 'condition': None}, 'alignment': None, 'number': ['08', '26'], 'length': 1969, 'width': '', 'TORA': None, 'TODA': None, 'ASDA': '1969', 'LDA': None, '08': {'latlon': [51.1194000244, 5.3008298874], 'elevation': 207.0, 'heading': '08', 'displaced threshold': None}, '26': {'latlon': [51.1194000244, 5.3008298874], 'elevation': 207.0, 'heading': '26', 'displaced threshold': None}, 'slope': 0, 'properties': None}];Beverlo Air Base;51.1194000244;;Belgium;EBLE;;;;5.3008298874;;;;Europe/Brussels;private;Flanders;;;Leopoldsburg (EBLE);BE;;;207.0;False;False;False;;;;;;;;;;;;;https://en.wikipedia.org/wiki/Leopoldsburg/Beverlo_Airfield;[];https://geohack.toolforge.org/geohack.php?pagename=Leopoldsburg/Beverlo_Airfield&params=51_07_12_N_005_18_26_E_region:BE-VLI_type:airport;;
;Liege;;LGG;2;;06478;Bierset/Liège Arpt;[{'id': '04R/22L', 'dimension': '12106x148', 'surface': {'type': 'hard', 'surface': 'asphalt', 'condition': None}, 'alignment': '043', 'number': ['04R', '22L'], 'length': 12106, 'width': '148', 'TORA': None, 'TODA': None, 'ASDA': '12106', 'LDA': None, '04R': {'latlon': [50.63666666666667, 5.439166666666667], 'elevation': '644', 'heading': '043', 'displaced threshold': '778 Feet'}, '22L': {'latlon': [50.657777777777774, 5.468055555555556], 'elevation': '595', 'heading': '223', 'displaced threshold': '1322 Feet'}, 'dimension2': ['12106 x 148 feet', '3690 x 45 meters'], 'slope': 0, 'properties': None}, {'id': '04L/23R', 'dimension': '7677x148', 'surface': {'type': 'hard', 'surface': 'asphalt', 'condition': None}, 'alignment': '043', 'number': ['04L', '23R'], 'length': 7677, 'width': '148', 'TORA': None, 'TODA': None, 'ASDA': '7677', 'LDA': None, '04L': {'latlon': [50.64111111111111, 5.439166666666667], 'elevation': '629', 'heading': '043', 'displaced threshold': None}, '23R': {'latlon': [50.6386, 5.445], 'elevation': 659.0, 'heading': '23R', 'displaced threshold': None}, 'slope': 0, 'properties': None}];Bierset/Liege Airport;50.6386;;Belgium;EBLG;4;0.0;L;5.445;ARP;Intl;WL;Europe/Brussels;public;Wallonia;0;643;Liege (EBLG);BE;;;659.0;True;True;True;;;;;;;;;;;;https://aviationweather.gov/api/data/airport?ids=EBLG&format=json;;;;;
;Lierneux;;;;;;;[{'id': '', 'dimension': '', 'surface': {'type': None, 'surface': None, 'condition': None}, 'alignment': None, 'number': [''], 'length': None, 'width': '', 'TORA': None, 'TODA': None, 'ASDA': '', 'LDA': None, '': {'latlon': [50.2867012024, 5.8363900185], 'elevation': 1411.0, 'heading': '', 'displaced threshold': None}, 'dimension2': None, 'slope': None, 'properties': None}];Lierneux Airport;50.2867012024;;Belgium;EBLI;;;;5.8363900185;;;;Europe/Brussels;;Wallonia;;;Lierneux (EBLI);BE;;;1411.0;False;False;False;;;;;;;;;;;;;;;;;
;Eghezee;;;;;;;[{'id': '07/25', 'dimension': '', 'surface': {'type': 'soft', 'surface': 'grass', 'condition': None}, 'alignment': None, 'number': ['07', '25'], 'length': 492, 'width': '', 'TORA': None, 'TODA': None, 'ASDA': '492', 'LDA': None, '07': {'latlon': [50.5806007385, 4.7925000191], 'elevation': 564.0, 'heading': '07', 'displaced threshold': None}, '25': {'latlon': [50.5806007385, 4.7925000191], 'elevation': 564.0, 'heading': '25', 'displaced threshold': None}, 'slope': 0, 'properties': None}];Liernu Airport;50.5806007385;;Belgium;EBLN;;;;4.7925000191;;;;Europe/Brussels;private;Wallonia;;;Eghezee (EBLN);BE;;;564.0;False;False;False;;;;;;;;;;;;;https://en.wikipedia.org/wiki/Liernu_Airfield;[];https://geohack.toolforge.org/geohack.php?pagename=Liernu_Airfield&params=50_34_47_N_004_47_32_E_region:BE-WNA_type:airport;;
;Brussels;;;;;;Melsbroek (AFB);[{'id': '', 'dimension': '', 'surface': {'type': None, 'surface': None, 'condition': None}, 'alignment': None, 'number': [''], 'length': None, 'width': '', 'TORA': None, 'TODA': None, 'ASDA': '', 'LDA': None, '': {'latlon': [50.901389, 4.4844444444], 'elevation': 184.0, 'heading': '', 'displaced threshold': None}, 'dimension2': None, 'slope': None, 'properties': None}];Melsbroek Air Base;50.901389;;Belgium;EBMB;9;;;4.4844444444;;;VL;Europe/Brussels;military;Flanders;;;Brussels (EBMB);BE;;;184.0;False;False;False;;;;;;;;;;;;;;;;;
;Doische;;;;;;;[{'id': '', 'dimension': '', 'surface': {'type': None, 'surface': None, 'condition': None}, 'alignment': None, 'number': [''], 'length': None, 'width': '', 'TORA': None, 'TODA': None, 'ASDA': '', 'LDA': None, '': {'latlon': [50.1046981812, 4.6380600929], 'elevation': 787.0, 'heading': '', 'displaced threshold': None}, 'dimension2': None, 'slope': None, 'properties': None}];Matagne-La-Petite Airport;50.1046981812;;Belgium;EBMG;;;;4.6380600929;;;;Europe/Brussels;private;Wallonia;;;Doische (EBMG);BE;;;787.0;False;False;False;;;;;;;;;;;;;;;;;
;Assesse;;;;;;;[{'id': '09/27', 'dimension': '', 'surface': {'type': 'soft', 'surface': 'grass', 'condition': None}, 'alignment': None, 'number': ['09', '27'], 'length': 1312, 'width': '', 'TORA': None, 'TODA': None, 'ASDA': '1312', 'LDA': None, '09': {'latlon': [50.3741989136, 4.9277801514], 'elevation': 886.0, 'heading': '09', 'displaced threshold': None}, '27': {'latlon': [50.3741989136, 4.9277801514], 'elevation': 886.0, 'heading': '27', 'displaced threshold': None}, 'slope': 0, 'properties': None}];Maillen Airport;50.3741989136;;Belgium;EBML;;;;4.9277801514;;;;Europe/Brussels;private;Wallonia;;;Assesse (EBML);BE;;;878.0;False;False;False;;;;;;;;;;;;;https://en.wikipedia.org/wiki/Maillen_Airfield;[];https://geohack.toolforge.org/geohack.php?pagename=Maillen_Airfield&params=50_22_27_N_004_55_40_E_region:BE-WNA_type:airport;;
;Moorsele;;;;;;;[{'id': '04/22', 'dimension': '', 'surface': {'type': 'soft', 'surface': 'grass', 'condition': None}, 'alignment': None, 'number': ['04', '22'], 'length': 2133, 'width': '', 'TORA': None, 'TODA': None, 'ASDA': '2133', 'LDA': None, '04': {'latlon': [50.8527984619, 3.1473100185], 'elevation': 66.0, 'heading': '04', 'displaced threshold': None}, '22': {'latlon': [50.8527984619, 3.1473100185], 'elevation': 66.0, 'heading': '22', 'displaced threshold': None}, 'slope': 0, 'properties': None}];Moorsele Airport;50.8527984619;;Belgium;EBMO;;;;3.1473100185;;;;Europe/Brussels;private;Flanders;;;Moorsele (EBMO);BE;;;66.0;False;False;False;;;;;;;;;;;;;https://en.wikipedia.org/wiki/Moorsele_Airfield;[];https://geohack.toolforge.org/geohack.php?pagename=Moorsele_Airfield&params=50_51_10_N_003_08_50_E_region:BE-VWV_type:airport;;
;Neerpelt;;;;;;;[{'id': '', 'dimension': '', 'surface': {'type': None, 'surface': None, 'condition': None}, 'alignment': None, 'number': [''], 'length': None, 'width': '', 'TORA': None, 'TODA': None, 'ASDA': '', 'LDA': None, '': {'latlon': [51.2119445801, 5.4786109924], 'elevation': 148.0, 'heading': '', 'displaced threshold': None}, 'dimension2': None, 'slope': None, 'properties': None}];Neerpelt Airport;51.2119445801;;Belgium;EBNE;;;;5.4786109924;;;;Europe/Brussels;private;Flanders;;;Neerpelt (EBNE);BE;;;148.0;False;False;False;;;;;;;;;;;;;;;;;
;Namur;;;;;;;[{'id': '', 'dimension': '', 'surface': {'type': None, 'surface': None, 'condition': None}, 'alignment': None, 'number': [''], 'length': None, 'width': '', 'TORA': None, 'TODA': None, 'ASDA': '', 'LDA': None, '': {'latlon': [50.4879989624, 4.7689199448], 'elevation': 586.0, 'heading': '', 'displaced threshold': None}, 'dimension2': None, 'slope': None, 'properties': None}];Namur/Suarlee Airport;50.4879989624;;Belgium;EBNM;;;;4.7689199448;;;;Europe/Brussels;private;Wallonia;;;Namur (EBNM);BE;;;586.0;False;False;False;;;;;;;;;;;;;;;;;
;Ninove;;;;;;;[{'id': '', 'dimension': '', 'surface': {'type': None, 'surface': None, 'condition': None}, 'alignment': None, 'number': [''], 'length': None, 'width': '', 'TORA': None, 'TODA': None, 'ASDA': '', 'LDA': None, '': {'latlon': [50.8544006348, 3.9852800369], 'elevation': 151.0, 'heading': '', 'displaced threshold': None}, 'dimension2': None, 'slope': None, 'properties': None}];Outer Airport;50.8544006348;;Belgium;EBNO;;;;3.9852800369;;;;Europe/Brussels;;Flanders;;;Ninove (EBNO);BE;;;151.0;False;False;False;;;;;;;;;;;;;;;;;
;Vresse-Sur-Semois;;;;;;;[{'id': '', 'dimension': '', 'surface': {'type': None, 'surface': None, 'condition': None}, 'alignment': None, 'number': [''], 'length': None, 'width': '', 'TORA': None, 'TODA': None, 'ASDA': '', 'LDA': None, '': {'latlon': [49.9071998596, 4.9363899231], 'elevation': 1312.0, 'heading': '', 'displaced threshold': None}, 'dimension2': None, 'slope': None, 'properties': None}];Orchimont Airport;49.9071998596;;Belgium;EBOR;;;;4.9363899231;;;;Europe/Brussels;private;Wallonia;;;Vresse-Sur-Semois (EBOR);BE;;;1312.0;False;False;False;;;;;;;;;;;;;;;;;
;Ostend;;OST;1;;06407;Oostende-Bruges Intl;[{'id': '08/26', 'dimension': '10499x148', 'surface': {'type': 'hard', 'surface': 'asphalt', 'condition': None}, 'alignment': '076', 'number': ['08', '26'], 'length': 10499, 'width': '148', 'TORA': None, 'TODA': None, 'ASDA': '10499', 'LDA': None, '08': {'latlon': [51.20638888888889, 2.861388888888889], 'elevation': '6', 'heading': '076', 'displaced threshold': '984 Feet'}, '26': {'latlon': [51.20388888888889, 2.8969444444444443], 'elevation': '4', 'heading': '256', 'displaced threshold': '1362 Feet'}, 'dimension2': ['10499 x 148 feet', '3200 x 45 meters'], 'slope': 0, 'properties': None}];Oostende-Bruges International;51.1991;;Belgium;EBOS;4;0.0;L;2.8673;ARP;Intl;VH;Europe/Brussels;public;Flanders;0;644;Ostend (EBOS);BE;;;13.0;True;True;True;;;;;;;;;;;;https://aviationweather.gov/api/data/airport?ids=EBOS&format=json;https://en.wikipedia.org/wiki/Ostend–Bruges_International_Airport;http://www.ost.aero/;https://geohack.toolforge.org/geohack.php?pagename=Ostend%E2%80%93Bruges_International_Airport&params=51_11_56_N_002_51_44_E_region:BE-VWV_type:airport;https://upload.wikimedia.org/wikipedia/commons/e/ee/OSTEND_AIRPORT_EBOS_FROM_A_RYANAIR_BOEING_737-800_EIDYX_AT_32000_NOV_2011_%286333897725%29.jpg;
;Saint Ghislain;;;;;;;[{'id': '09/27', 'dimension': '', 'surface': {'type': 'hard', 'surface': 'asphalt', 'condition': None}, 'alignment': None, 'number': ['09', '27'], 'length': 2100, 'width': '', 'TORA': None, 'TODA': None, 'ASDA': '2100', 'LDA': None, '09': {'latlon': [50.4575004578, 3.8202800751], 'elevation': 75.0, 'heading': '09', 'displaced threshold': None}, '27': {'latlon': [50.4575004578, 3.8202800751], 'elevation': 75.0, 'heading': '27', 'displaced threshold': None}, 'slope': 0, 'properties': None}];Saint-Ghislain Airport;50.4575004578;;Belgium;EBSG;;;;3.8202800751;;;;Europe/Brussels;private;Wallonia;;;Saint Ghislain (EBSG);BE;;;75.0;False;False;False;;;;;;;;;;;;;https://en.wikipedia.org/wiki/Saint-Ghislain_Airfield;https://ebsg.aero;https://geohack.toolforge.org/geohack.php?pagename=Saint-Ghislain_Airfield&params=50_27_27_N_003_49_13_E_region:BE-WHT_type:airport;;
;Saint Hubert;;;;;;;[{'id': '', 'dimension': '', 'surface': {'type': None, 'surface': None, 'condition': None}, 'alignment': None, 'number': [''], 'length': None, 'width': '', 'TORA': None, 'TODA': None, 'ASDA': '', 'LDA': None, '': {'latlon': [50.035900116, 5.404250145], 'elevation': 1930.0, 'heading': '', 'displaced threshold': None}, 'dimension2': None, 'slope': None, 'properties': None}];St Hubert Airport;50.035900116;;Belgium;EBSH;;;;5.404250145;;;;Europe/Brussels;private;Wallonia;;;Saint Hubert (EBSH);BE;;;1930.0;False;False;False;;;;;;;;;;;;;;;;;
;Zutendaal;;;;;;;[{'id': '06/24', 'dimension': '', 'surface': {'type': 'hard', 'surface': 'asphalt', 'condition': None}, 'alignment': None, 'number': ['06', '24'], 'length': 9777, 'width': '', 'TORA': None, 'TODA': None, 'ASDA': '9777', 'LDA': None, '06': {'latlon': [50.9474983215, 5.5905599594], 'elevation': 312.0, 'heading': '06', 'displaced threshold': None}, '24': {'latlon': [50.9474983215, 5.5905599594], 'elevation': 312.0, 'heading': '24', 'displaced threshold': None}, 'slope': 0, 'properties': 'Asphalt/Concrete'}];Zutendaal Air Base;50.9474983215;;Belgium;EBSL;;;;5.5905599594;;;;Europe/Brussels;private;Flanders;;;Zutendaal (EBSL);BE;;;312.0;False;False;False;;;;;;;;;;;;;https://en.wikipedia.org/wiki/Zutendaal_Air_Base;[];https://geohack.toolforge.org/geohack.php?pagename=Zutendaal_Air_Base&params=50_56_51_N_005_35_26_E_region:BE-VEI_type:airport;;
;Spa;;;;;06490;Spa/La Sauveniere;[{'id': '05/23', 'dimension': '', 'surface': {'type': 'hard', 'surface': 'asphalt', 'condition': None}, 'alignment': None, 'number': ['05', '23'], 'length': 2621, 'width': '', 'TORA': None, 'TODA': None, 'ASDA': '2621', 'LDA': None, '05': {'latlon': [50.4824981689, 5.910299778], 'elevation': 1581.0, 'heading': '05', 'displaced threshold': None}, '23': {'latlon': [50.4824981689, 5.910299778], 'elevation': 1581.0, 'heading': '23', 'displaced threshold': None}, 'slope': 0, 'properties': None}];Spa (La Sauveniere) Airport;50.4824981689;;Belgium;EBSP;9;;;5.910299778;;;WL;Europe/Brussels;private;Wallonia;;;Spa (EBSP);BE;;;2.0;False;False;False;;;;;;;;;;;;;https://en.wikipedia.org/wiki/Spa-La_Sauvenière_Airfield;[];https://geohack.toolforge.org/geohack.php?pagename=Spa-La_Sauveni%C3%A8re_Airfield&params=50_28_57_N_005_54_37_E_region:BE-WLG_type:airport;https://upload.wikimedia.org/wikipedia/commons/0/02/A%C3%A9rodrome_Spa-La_Sauveni%C3%A8re_01.jpg;
;Sint Truiden;;;;;;St Truiden(BAFB);[{'id': '', 'dimension': '', 'surface': {'type': None, 'surface': None, 'condition': None}, 'alignment': None, 'number': [''], 'length': None, 'width': '', 'TORA': None, 'TODA': None, 'ASDA': '', 'LDA': None, '': {'latlon': [50.7919006348, 5.2016701698], 'elevation': 246.0, 'heading': '', 'displaced threshold': None}, 'dimension2': None, 'slope': None, 'properties': None}];Sint Truiden Airport;50.7919006348;;Belgium;EBST;9;;;5.2016701698;;;VL;Europe/Brussels;private;Flanders;;;Sint Truiden (EBST);BE;;;246.0;False;False;False;;;;;;;;;;;;;;;;;
;Saint Hubert;;;;;06476;Saint Hubert (MIL);[{'id': '07/25', 'dimension': '', 'surface': {'type': 'hard', 'surface': 'asphalt', 'condition': None}, 'alignment': None, 'number': ['07', '25'], 'length': 8530, 'width': '', 'TORA': None, 'TODA': None, 'ASDA': '8530', 'LDA': None, '07': {'latlon': [50.0344009399, 5.4408102036], 'elevation': 1930.0, 'heading': '07', 'displaced threshold': None}, '25': {'latlon': [50.0344009399, 5.4408102036], 'elevation': 1930.0, 'heading': '25', 'displaced threshold': None}, 'slope': 0, 'properties': 'Concrete/Asphalt'}];Saint Hubert Air Base;50.0344009399;;Belgium;EBSU;9;;;5.4408102036;;;WL;Europe/Brussels;military;Wallonia;;;Saint Hubert (EBSU);BE;;;2.0;False;False;False;;;;;;;;;;;;;https://en.wikipedia.org/wiki/Saint-Hubert_Air_Base;[];https://geohack.toolforge.org/geohack.php?pagename=Saint-Hubert_Air_Base&params=50_02_03_N_005_26_24_E_region:BE-WLX_type:airport;;
;Tienen;;;;;;Goetsenhoven (MIL);[{'id': '', 'dimension': '', 'surface': {'type': None, 'surface': None, 'condition': None}, 'alignment': None, 'number': [''], 'length': None, 'width': '', 'TORA': None, 'TODA': None, 'ASDA': '', 'LDA': None, '': {'latlon': [50.7817001343, 4.9577798843], 'elevation': 246.0, 'heading': '', 'displaced threshold': None}, 'dimension2': None, 'slope': None, 'properties': None}];Goetsenhoven Air Base;50.7817001343;;Belgium;EBTN;9;;;4.9577798843;;;VL;Europe/Brussels;private;Flanders;;;Tienen (EBTN);BE;;;246.0;False;False;False;;;;;;;;;;;;;;;;;
;Verviers;;;;;;;[{'id': '06/24', 'dimension': '', 'surface': {'type': 'soft', 'surface': 'grass', 'condition': None}, 'alignment': None, 'number': ['06', '24'], 'length': 2402, 'width': '', 'TORA': None, 'TODA': None, 'ASDA': '2402', 'LDA': None, '06': {'latlon': [50.55972222222222, 5.860555555555555], 'elevation': '1094', 'heading': '053', 'displaced threshold': None}, '24': {'latlon': [50.555, 5.863611111111111], 'elevation': '1114', 'heading': '233', 'displaced threshold': None}, 'dimension2': ['2421 x 72 feet', '738 x 22 meters'], 'slope': 0.83, 'properties': None}];Theux (Verviers) Airport;50.5526008606;;Belgium;EBTX;;;;5.8550300598;;;;Europe/Brussels;private;Wallonia;;;Verviers (EBTX);BE;;;2.0;False;False;False;;;;;;;;;;;;;https://en.wikipedia.org/wiki/Verviers-Theux_Airfield;http://www.verviers-aviation.be/rva/;https://geohack.toolforge.org/geohack.php?pagename=Verviers-Theux_Airfield&params=50_33_09_N_005_51_18_E_region:BE-WLG_type:airport;;
;Tournai;;;;;;;[{'id': '11/29', 'dimension': '', 'surface': {'type': 'soft', 'surface': 'grass', 'condition': None}, 'alignment': None, 'number': ['11', '29'], 'length': 2100, 'width': '', 'TORA': None, 'TODA': None, 'ASDA': '2100', 'LDA': None, '11': {'latlon': [50.5297012329, 3.4945499897], 'elevation': 161.0, 'heading': '11', 'displaced threshold': None}, '29': {'latlon': [50.5297012329, 3.4945499897], 'elevation': 161.0, 'heading': '29', 'displaced threshold': None}, 'slope': 0, 'properties': None}];Tournai/Maubray Airport;50.5297012329;;Belgium;EBTY;;;;3.4945499897;;;;Europe/Brussels;private;Wallonia;;;Tournai (EBTY);BE;;;161.0;False;False;False;;;;;;;;;;;;;https://en.wikipedia.org/wiki/Maubray_Airfield;http://www.tournai-air-club.eu;https://geohack.toolforge.org/geohack.php?pagename=Maubray_Airfield&params=50_31_47_N_003_29_40_E_region:BE-WHT_type:airport;;
;Ursel;;;;;;;[{'id': '07/25', 'dimension': '', 'surface': {'type': 'hard', 'surface': 'asphalt', 'condition': None}, 'alignment': None, 'number': ['07', '25'], 'length': 9777, 'width': '', 'TORA': None, 'TODA': None, 'ASDA': '9777', 'LDA': None, '07': {'latlon': [51.1441993713, 3.4755599499], 'elevation': 95.0, 'heading': '07', 'displaced threshold': None}, '25': {'latlon': [51.1441993713, 3.4755599499], 'elevation': 95.0, 'heading': '25', 'displaced threshold': None}, 'slope': 0, 'properties': 'Concrete'}];Ursel Air Base;51.1441993713;;Belgium;EBUL;;;;3.4755599499;;;;Europe/Brussels;military;Flanders;;;Ursel (EBUL);BE;;;96.0;False;False;False;;;;;;;;;;;;;https://en.wikipedia.org/wiki/Ursel_Air_Base;[];https://geohack.toolforge.org/geohack.php?pagename=Ursel_Air_Base&params=51_08_39_N_003_28_32_E_region:BE-VOV_type:airport;https://upload.wikimedia.org/wikipedia/commons/2/24/Belgium_Ursel_Air_Base_Runway_25.jpg;
;Weelde;;;;;;Weelde(MIL);[{'id': '07/25', 'dimension': '', 'surface': {'type': 'hard', 'surface': 'asphalt', 'condition': None}, 'alignment': None, 'number': ['07', '25'], 'length': 9777, 'width': '', 'TORA': None, 'TODA': None, 'ASDA': '9777', 'LDA': None, '07': {'latlon': [51.3947982788, 4.9601898193], 'elevation': 105.0, 'heading': '07', 'displaced threshold': None}, '25': {'latlon': [51.3947982788, 4.9601898193], 'elevation': 105.0, 'heading': '25', 'displaced threshold': None}, 'slope': 0, 'properties': None}];Weelde Air Base;51.3947982788;;Belgium;EBWE;9;;;4.9601898193;;;VA;Europe/Brussels;military;Flanders;;;Weelde (EBWE);BE;;;105.0;False;False;False;;;;;;;;;;;;;https://en.wikipedia.org/wiki/Weelde_Air_Base;[];https://geohack.toolforge.org/geohack.php?pagename=Weelde_Air_Base&params=51_23_39_N_004_57_33_E_region:BE-VAN_type:airport;;
;Hasselt;;;;;;;[{'id': '09/27', 'dimension': '', 'surface': {'type': 'soft', 'surface': 'grass', 'condition': None}, 'alignment': None, 'number': ['09', '27'], 'length': 1969, 'width': '', 'TORA': None, 'TODA': None, 'ASDA': '1969', 'LDA': None, '09': {'latlon': [50.9700012207, 5.3750700951], 'elevation': 133.0, 'heading': '09', 'displaced threshold': None}, '27': {'latlon': [50.9700012207, 5.3750700951], 'elevation': 133.0, 'heading': '27', 'displaced threshold': None}, 'slope': 0, 'properties': None}];Kiewit Airport;50.9700012207;;Belgium;EBZH;;;;5.3750700951;;;;Europe/Brussels;private;Flanders;;;Hasselt (EBZH);BE;;;133.0;False;False;False;;;;;;;;;;;;;https://en.wikipedia.org/wiki/Kiewit_Airfield;http://www.aero-kiewit.be;https://geohack.toolforge.org/geohack.php?pagename=Kiewit_Airfield&params=50_58_12_N_005_22_30_E_region:BE-VLI_type:airport;;
;Zoersel;;OBL;;;;;[{'id': '', 'dimension': '', 'surface': {'type': None, 'surface': None, 'condition': None}, 'alignment': None, 'number': [''], 'length': None, 'width': '', 'TORA': None, 'TODA': None, 'ASDA': '', 'LDA': None, '': {'latlon': [51.2647018433, 4.7533302307], 'elevation': 53.0, 'heading': '', 'displaced threshold': None}, 'dimension2': None, 'slope': None, 'properties': None}];Oostmalle Air Base;51.2647018433;;Belgium;EBZR;;;;4.7533302307;;;;Europe/Brussels;private;Flanders;;;Zoersel (EBZR);BE;;;53.0;False;False;False;;;;;;;;;;;;;;;;;
;Zuinkerke;;;;;;;[{'id': '17/35', 'dimension': '', 'surface': {'type': 'soft', 'surface': 'grass', 'condition': None}, 'alignment': None, 'number': ['17', '35'], 'length': 1335, 'width': '', 'TORA': None, 'TODA': None, 'ASDA': '1335', 'LDA': None, '17': {'latlon': [51.2566986084, 3.1405599117], 'elevation': 16.0, 'heading': '17', 'displaced threshold': None}, '35': {'latlon': [51.2566986084, 3.1405599117], 'elevation': 16.0, 'heading': '35', 'displaced threshold': None}, 'slope': 0, 'properties': None}];Zuienkerke Airport;51.2566986084;;Belgium;EBZU;;;;3.1405599117;;;;Europe/Brussels;private;Flanders;;;Zuinkerke (EBZU);BE;;;10.0;False;False;False;;;;;;;;;;;;;https://en.wikipedia.org/wiki/Zuienkerke_Airfield;http://www.ebzu-airfield.be/;https://geohack.toolforge.org/geohack.php?pagename=Zuienkerke_Airfield&params=51_15_24_N_003_08_26_E_region:BE-VWV_type:airport;;
;Genk;;;;;;Genk/Zwartberg Arpt;[{'id': '', 'dimension': '', 'surface': {'type': None, 'surface': None, 'condition': None}, 'alignment': None, 'number': [''], 'length': None, 'width': '', 'TORA': None, 'TODA': None, 'ASDA': '', 'LDA': None, '': {'latlon': [51.0153999329, 5.5264701843], 'elevation': 278.0, 'heading': '', 'displaced threshold': None}, 'dimension2': None, 'slope': None, 'properties': None}];Genk Zwartberg Airport;51.0153999329;;Belgium;EBZW;9;;;5.5264701843;;;VL;Europe/Brussels;private;Flanders;;;Genk (EBZW);BE;;;278.0;False;False;False;;;;;;;;;;;;;;;;;
